{
    "precision": 0.9191419561478511,
    "recall": 0.9009055223972662,
    "map50": 0.9730451785702223,
    "map75": 0.971940428898347,
    "map50_95": 0.8903793549815451
}